{"cameraMode":{"drawMode":0,"name":"Shaded","section":"Shading Mode"},"sceneLighting":true,"audioPlay":false,"sceneViewState":{"showFog":true,"showMaterialUpdate":false,"showSkybox":true,"showFlares":true,"showImageEffects":true,"showParticleSystems":true},"in2DMode":false,"pivot":{"x":-3.3356759548187258,"y":4.863999366760254,"z":-2.399463176727295},"rotation":{"x":0.08082626014947891,"y":0.9090362191200256,"z":0.20919518172740937,"w":-0.35122233629226687},"size":10.600000381469727,"orthographic":false}